{
  "bias_gelu|4096x4096|NVIDIA GeForce RTX 2060 SUPER|0aad03b7": {
    "config": {
      "BLOCK": 512,
      "VEC": 4
    },
    "label": "VEC4_BLOCK512",
    "shape": [
      4096,
      4096
    ],
    "strategy": "grid (6 configs)",
    "time_ms": 0.40625000019645086
  },
  "mm|1024x1024x1024|NVIDIA GeForce RTX 2060 SUPER|11cb2901": {
    "config": {
      "TILE": 16
    },
    "label": "TILE16",
    "shape": [
      1024,
      1024,
      1024
    ],
    "strategy": "grid (3 configs)",
    "time_ms": 2.666599999429309
  },
  "mm|1024x1024x1024|NVIDIA GeForce RTX 2060 SUPER|799655f4": {
    "config": {
      "TILE": 16
    },
    "label": "TILE16",
    "shape": [
      1024,
      1024,
      1024
    ],
    "strategy": "grid (3 configs)",
    "time_ms": 4.326600000013059
  },
  "mm|256x4096x256|NVIDIA GeForce RTX 2060 SUPER|799655f4": {
    "config": {
      "TILE": 32
    },
    "label": "TILE32",
    "shape": [
      256,
      4096,
      256
    ],
    "strategy": "random 2 of 3",
    "time_ms": 0.9376000000429485
  },
  "sgemm|1024x1024x1024|NVIDIA GeForce RTX 2060 SUPER|28622c0f": {
    "config": {
      "BK": 16,
      "BM": 128,
      "BN": 128,
      "TM": 4,
      "TN": 4
    },
    "label": "BM128_BN128_BK16_TM4_TN4",
    "shape": [
      1024,
      1024,
      1024
    ],
    "strategy": "random 8 of 32",
    "time_ms": 0.8317499996337574
  },
  "sgemm|1024x1024x1024|NVIDIA GeForce RTX 2060 SUPER|3920d653": {
    "config": {
      "BK": 8,
      "BM": 128,
      "BN": 128,
      "TM": 4,
      "TN": 4
    },
    "label": "BM128_BN128_BK8_TM4_TN4",
    "time_ms": 0.8357000042451546
  },
  "sgemm|1024x1024x1024|NVIDIA GeForce RTX 2060 SUPER|7d6df329": {
    "config": {
      "BK": 16,
      "BM": 128,
      "BN": 128,
      "TM": 4,
      "TN": 4
    },
    "label": "BM128_BN128_BK16_TM4_TN4",
    "shape": [
      1024,
      1024,
      1024
    ],
    "strategy": "random 8 of 32",
    "time_ms": 0.6506999980047112
  }
}